scope,name,samples,percent_all_samples
function,ff_h264_decode_mb_cabac,1573,23.502166
function,ff_h264_decode_luma8_8_bmi2,508,7.590019
function,loop_filter,344,5.139698
function,ff_h264_decode_luma4_8_bmi2,344,5.139698
function,ff_h264_decode_mvd_pair_bmi2,315,4.706410
function,ff_h264_filter_mb_fast,253,3.780069
function,hl_decode_mb_simple_8,247,3.690423
function,mc_part_420_simple_8,230,3.436426
function,ff_put_h264_chroma_mc8_rnd_ssse3,205,3.062902
function,ff_h264_loop_filter_strength_avx,201,3.003138
function,ff_deblock_v_luma_8_avx,176,2.629613
function,ff_h264_decode_cbp_bmi2,158,2.360675
function,ff_put_pixels16_sse2,106,1.583744
function,ff_deblock_h_luma_8_avx,105,1.568803
function,ff_h264_pred_direct_motion,91,1.359629
function,ff_h264_idct_add8_422_8_mmx,83,1.240102
function,ff_prefetch_mmxext,83,1.240102
function,ff_h2645_extract_rbsp,81,1.210220
function,decode_significance_x86,79,1.180338
function,ff_deblock_h_chroma_8_avx,76,1.135515
function,ff_put_h264_qpel8or16_hv1_lowpass_op_sse2,70,1.045869
function,ff_h264_weight_16_avx2,65,0.971164
function,ff_h264_idct8_add4_8_sse2,62,0.926341
function,ff_avg_h264_chroma_mc8_rnd_ssse3,56,0.836695
function,outside_executable,55,0.821754
function,decode_slice,49,0.732108
function,ff_deblock_v_luma_intra_8_avx,47,0.702226
function,ff_put_h264_qpel16_hv2_lowpass_ssse3,42,0.627521
function,avcodec_send_packet,35,0.522934
function,ff_put_h264_qpel16_mc30_avx2,34,0.507993
function,ff_deblock_v_chroma_8_avx,34,0.507993
function,ff_put_h264_qpel16_mc10_avx2,31,0.463170
function,ff_avg_pixels16_sse2,31,0.463170
function,ff_h264_decode_residual_8_bmi2,26,0.388466
function,h264_decode_frame,24,0.358584
function,ff_put_h264_chroma_mc4_ssse3,24,0.358584
function,ff_deblock_h_luma_intra_8_avx,24,0.358584
function,ff_deblock_h_chroma_intra_8_avx,23,0.343643
function,ff_put_h264_qpel16_mc01_avx2,22,0.328702
function,ff_h264_biweight_16_ssse3,22,0.328702
function,ff_put_h264_qpel16_mc03_avx2,20,0.298820
function,ff_put_h264_qpel16_mc20_avx2,18,0.268938
function,ff_put_h264_qpel16_mc02_avx2,18,0.268938
function,ff_put_h264_qpel16_mc11_avx2,18,0.268938
function,ff_put_h264_qpel16_h_lowpass_l2_ssse3,17,0.253997
function,ff_put_pixels16x16_sse2,17,0.253997
function,ff_h264_idct8_add_8_sse2,17,0.253997
function,ff_put_h264_qpel8or16_v_lowpass_sse2,16,0.239056
function,ff_h264_init_cabac_states,16,0.239056
function,ff_h264_hl_decode_mb,15,0.224115
function,ff_put_h264_qpel16_mc13_avx2,15,0.224115
function,ff_put_h264_qpel16_mc33_avx2,15,0.224115
function,ff_h264_chroma_dc_dequant_idct_8_c,14,0.209174
function,ff_put_h264_qpel16_mc31_avx2,14,0.209174
function,ff_h264_idct_add8_8_sse2,14,0.209174
function,ff_put_h264_qpel8_hv2_lowpass_ssse3,13,0.194233
function,ff_put_h264_qpel8_mc13_avx2,11,0.164351
function,ff_put_h264_qpel8_mc33_avx2,11,0.164351
function,ff_deblock_v_chroma_intra_8_avx,11,0.164351
function,ff_h264_idct_add16_8_sse2,11,0.164351
function,put_h264_qpel8_mc00_8_c,10,0.149410
function,h264_frame_start,8,0.119528
function,ff_put_h264_qpel8_mc11_avx2,8,0.119528
function,ff_h264_idct_add16intra_8_sse2,8,0.119528
function,ff_pred8x8l_dc_8_sse2,8,0.119528
function,ff_pred8x8l_horizontal_up_8_sse2,8,0.119528
function,ff_put_h264_qpel8_mc30_avx2,7,0.104587
function,ff_put_h264_qpel8_h_lowpass_l2_ssse3,7,0.104587
function,ff_pred16x16_plane_h264_8_ssse3,7,0.104587
function,ff_pred8x8_dc_8_sse2,7,0.104587
function,ff_h264_biweight_8_ssse3,7,0.104587
function,put_h264_qpel8_mc03_sse2,6,0.089646
function,ff_avg_h264_qpel16_mc20_avx2,6,0.089646
function,ff_put_h264_qpel8_mc31_avx2,6,0.089646
function,ff_h264_idct8_dc_add_8_mmxext,6,0.089646
function,ff_pred16x16_horizontal_8_avx2,6,0.089646
function,ff_pred8x8l_down_left_8_sse2,6,0.089646
function,ff_pred8x8l_down_right_8_sse2,6,0.089646
function,ff_h264_build_ref_list,5,0.074705
function,ff_h264_queue_decode_slice,5,0.074705
function,ff_avg_h264_qpel16_mc10_avx2,5,0.074705
function,ff_avg_h264_qpel16_mc30_avx2,5,0.074705
function,ff_put_h264_qpel8_mc20_avx2,5,0.074705
function,ff_avg_h264_qpel16_hv2_lowpass_ssse3,5,0.074705
function,ff_pred8x8l_horizontal_down_8_ssse3,5,0.074705
function,ff_h264_weight_8_sse2,5,0.074705
function,av_buffer_ref,5,0.074705
function,put_h264_qpel8_mc12_ssse3,4,0.059764
function,ff_put_h264_qpel8_mc10_avx2,4,0.059764
function,ff_avg_h264_qpel16_mc03_avx2,4,0.059764
function,ff_avg_h264_qpel16_mc13_avx2,4,0.059764
function,emulated_edge_mc_avx2,4,0.059764
function,ff_avg_pixels16x16_sse2,4,0.059764
function,ff_pred8x8_vertical_8_sse2,4,0.059764
function,ff_pred8x8l_horizontal_8_sse2,4,0.059764
function,ff_pred8x8l_vertical_8_sse2,4,0.059764
function,ff_pred8x8l_vertical_right_8_sse2,4,0.059764
function,ff_pred4x4_dc_8_sse2,4,0.059764
function,ff_get_buffer,3,0.044823
function,ff_h264_decode_ref_pic_list_reordering,3,0.044823
function,pred16x16_top_dc_8_c,3,0.044823
function,avg_h264_qpel16_mc32_ssse3,3,0.044823
function,ff_avg_h264_qpel16_mc01_avx2,3,0.044823
function,ff_avg_h264_qpel16_mc31_avx2,3,0.044823
function,ff_avg_h264_chroma_mc4_ssse3,3,0.044823
function,ff_pred8x8_plane_8_ssse3,3,0.044823
function,ff_pred8x8_horizontal_8_avx2,3,0.044823
function,ff_pred8x8l_vertical_left_8_sse2,3,0.044823
function,ff_pred4x4_vertical_left_8_sse2,3,0.044823
function,av_buffer_unref,3,0.044823
function,h264_bench_decode_cached,2,0.029882
function,ff_decode_get_packet,2,0.029882
function,avcodec_default_get_buffer2,2,0.029882
function,finalize_frame,2,0.029882
function,ff_h264_pred_weight_table,2,0.029882
function,ff_h264_parse_ref_count,2,0.029882
function,ff_h264_field_end,2,0.029882
function,decode_finish_row,2,0.029882
function,h264_field_start,2,0.029882
function,pred4x4_horizontal_8_c,2,0.029882
function,put_h264_qpel16_mc12_ssse3,2,0.029882
function,put_h264_qpel8_mc01_sse2,2,0.029882
function,ff_put_pixels16_l2_shift5_sse2,2,0.029882
function,ff_avg_h264_qpel16_h_lowpass_l2_ssse3,2,0.029882
function,ff_h264_luma_dc_dequant_idct_sse2,2,0.029882
function,ff_h264_idct_add_8_avx,2,0.029882
function,ff_h264_idct_dc_add_8_avx,2,0.029882
function,ff_pred16x16_vertical_8_sse,2,0.029882
function,ff_pred8x8_top_dc_8_sse2,2,0.029882
function,ff_pred4x4_horizontal_up_8_sse2,2,0.029882
function,ff_emu_edge_vfix16_sse2,2,0.029882
function,ff_emu_edge_vfix17_sse2,2,0.029882
function,av_dict_copy,2,0.029882
function,av_frame_apply_cropping,2,0.029882
function,av_log_default_callback,2,0.029882
function,av_malloc,2,0.029882
function,av_refstruct_ref_c,2,0.029882
function,ff_h264_pred_init_x86,1,0.014941
function,mov_read_packet,1,0.014941
function,av_bsf_receive_packet,1,0.014941
function,bsf_list_filter,1,0.014941
function,av_packet_free_side_data,1,0.014941
function,av_packet_copy_props,1,0.014941
function,ff_thread_report_progress,1,0.014941
function,ff_er_add_slice,1,0.014941
function,ff_h2645_packet_split,1,0.014941
function,ff_h264_direct_ref_list_init,1,0.014941
function,ff_h264_check_intra4x4_pred_mode,1,0.014941
function,h264_copy_picture_params,1,0.014941
function,ff_h264_set_erpic,1,0.014941
function,build_def_list,1,0.014941
function,implicit_weight_table,1,0.014941
function,pred4x4_top_dc_8_c,1,0.014941
function,put_h264_qpel8_mc02_sse2,1,0.014941
function,put_h264_qpel8_mc22_ssse3,1,0.014941
function,avg_h264_qpel8_mc23_ssse3,1,0.014941
function,put_h264_qpel8_mc23_ssse3,1,0.014941
function,put_h264_qpel8_mc21_ssse3,1,0.014941
function,avg_h264_qpel8_mc12_ssse3,1,0.014941
function,put_h264_qpel16_mc22_ssse3,1,0.014941
function,put_h264_qpel16_mc23_ssse3,1,0.014941
function,put_h264_qpel16_mc32_ssse3,1,0.014941
function,avg_h264_qpel8_mc22_ssse3,1,0.014941
function,avg_h264_qpel16_mc22_ssse3,1,0.014941
function,ff_avg_h264_qpel16_mc02_avx2,1,0.014941
function,ff_avg_h264_qpel16_mc11_avx2,1,0.014941
function,ff_put_pixels8_l2_shift5_sse2,1,0.014941
function,ff_put_pixels8x8_l2_mmxext,1,0.014941
function,ff_pred8x8l_top_dc_8_sse2,1,0.014941
function,ff_pred4x4_down_left_8_sse2,1,0.014941
function,ff_pred4x4_horizontal_down_8_sse2,1,0.014941
function,ff_pred4x4_vertical_right_8_sse2,1,0.014941
function,ff_pred4x4_down_right_8_sse2,1,0.014941
function,ff_emu_edge_vfix1_sse2,1,0.014941
function,ff_emu_edge_vfix4_sse2,1,0.014941
function,ff_emu_edge_vfix5_sse2,1,0.014941
function,ff_emu_edge_vfix9_sse2,1,0.014941
function,ff_emu_edge_vfix12_sse2,1,0.014941
function,ff_emu_edge_vfix18_sse2,1,0.014941
function,ff_emu_edge_hfix2_sse2,1,0.014941
function,ff_emu_edge_hfix4_sse2,1,0.014941
function,ff_emu_edge_hfix6_sse2,1,0.014941
function,ff_emu_edge_hfix8_avx2,1,0.014941
function,av_buffer_get_ref_count,1,0.014941
function,av_frame_unref,1,0.014941
function,av_mallocz,1,0.014941
function,pool_return_entry,1,0.014941
function,av_refstruct_unref,1,0.014941
function,av_refstruct_pool_get,1,0.014941
macroblock_group,inline_cabac_arithmetic,564,8.426714
macroblock_group,motion_prediction_and_cache,546,8.157777
macroblock_group,other_macroblock_work,463,6.917675
motion_helper,fill_decode_caches_internal,267,3.989242
motion_helper,write_back_motion_list,107,1.598685
motion_helper,fill_decode_neighbors_internal,38,0.567757
motion_helper,decode_mb_skip_internal,30,0.448229
motion_helper,pred_motion,26,0.388466
motion_helper,pred_pskip_motion,23,0.343643
motion_helper,write_back_motion,13,0.194233
motion_helper,write_back_non_zero_count,12,0.179292
motion_helper,pred_intra_mode,9,0.134469
motion_helper,fetch_diagonal_mv,9,0.134469
motion_helper,decode_cabac_residual_internal,8,0.119528
motion_helper,write_back_intra_pred_mode,2,0.029882
motion_helper,pred_8x16_motion,2,0.029882
