experiment,instructions,function
hv2,1593637894,ff_h264_decode_mb_cabac
hv2,683276007,loop_filter
hv2,615629141,mc_part_420_simple_8
hv2,552821223,ff_h264_filter_mb_fast
hv2,478731878,hl_decode_mb_simple_8
hv2,442784514,ff_h264_decode_residual_8_bmi2
hv2,283341980,ff_h264_loop_filter_strength_avx
hv2,244598004,ff_deblock_v_luma_8_avx
hv2,202714557,ff_put_h264_chroma_mc8_rnd_ssse3
hv2,196924304,ff_h264_decode_mvd_pair_bmi2
hv2,186017561,ff_h264_pred_direct_motion
hv2,165959902,ff_deblock_h_chroma_8_avx
hv2,132157090,ff_deblock_h_luma_8_avx
hv2,124611431,decode_slice
hv2,122053542,ff_prefetch_mmxext
hv2,115622182,ff_h264_decode_cbp_bmi2
hv2,103459400,ff_deblock_v_chroma_8_avx
hv2,98896165,ff_put_h264_qpel8or16_hv1_lowpass_op_sse2
hv2,92450907,ff_h264_weight_16_avx2
hv2,85273854,ff_h264_idct_add8_422_8_mmx
hv2,77348127,ff_deblock_v_luma_intra_8_avx
hv2,71501040,ff_put_pixels16x16_sse2
hv2,59449509,ff_h264_idct8_add4_8_sse2
hv2,42897754,ff_avg_h264_chroma_mc8_rnd_ssse3
hv2,41655980,decode_significance_x86
hv2,40646932,ff_avg_pixels16x16_sse2
hv2,36537480,ff_h264_hl_decode_mb
hv2,34233478,ff_put_h264_qpel16_hv2_lowpass_avx2
hv2,33538775,ff_h264_biweight_16_ssse3
hv2,32503518,ff_deblock_h_chroma_intra_8_avx
hv2,29654178,ff_put_h264_chroma_mc4_ssse3
hv2,28858150,ff_put_h264_qpel16_h_lowpass_l2_ssse3
hv2,27493900,ff_h264_idct8_add_8_sse2
hv2,25519669,ff_deblock_h_luma_intra_8_avx
hv2,22467744,ff_deblock_v_chroma_intra_8_avx
hv2,21092610,ff_put_h264_qpel16_mc10_avx2
hv2,20878770,ff_put_h264_qpel16_mc30_avx2
hv2,20752728,ff_put_h264_qpel8_hv2_lowpass_ssse3
hv2,18982149,ff_h264_idct_add16_8_sse2
hv2,18916754,ff_h264_idct_add8_8_sse2
hv2,18774374,ff_put_h264_qpel16_mc20_avx2
hv2,14792890,ff_h264_chroma_dc_dequant_idct_8_c
hv2,12563420,ff_h264_weight_8_sse2
hv2,11799718,ff_h264_biweight_8_ssse3
hv2,11703912,ff_put_h264_qpel16_mc11_avx2
hv2,11529644,ff_put_h264_qpel16_mc33_avx2
hv2,11283008,ff_put_h264_qpel16_mc31_avx2
hv2,11004114,ff_put_h264_qpel16_mc01_avx2
hv2,10656921,ff_put_h264_qpel16_mc13_avx2
hv2,9588975,ff_put_h264_qpel16_mc03_avx2
hv2,9577400,ff_pred8x8_dc_8_sse2
hv2,9140796,ff_put_h264_qpel8_h_lowpass_l2_ssse3
hv2,8687161,ff_h2645_extract_rbsp
hv2,8468979,ff_h264_init_cabac_states
hv2,8372532,ff_put_h264_qpel8or16_v_lowpass_sse2
hv2,8196352,ff_put_h264_qpel16_mc02_avx2
hv2,8098481,emulated_edge_mc_avx2
hv2,6909204,ff_h264_idct_add16intra_8_sse2
hv2,6063420,ff_avg_h264_qpel16_mc20_avx2
hv2,5910870,ff_put_h264_qpel8_mc33_avx2
hv2,5788989,ff_put_h264_qpel8_mc11_avx2
hv2,5726192,ff_put_h264_qpel8_mc31_avx2
hv2,5579060,ff_put_h264_qpel8_mc13_avx2
hv2,5189492,ff_put_pixels16_l2_shift5_sse2
hv2,5188270,ff_avg_h264_qpel16_mc10_avx2
hv2,5118848,ff_pred16x16_plane_h264_8_ssse3
hv2,4933960,ff_avg_h264_qpel16_mc30_avx2
hv2,4863322,ff_pred8x8l_horizontal_down_8_ssse3
hv2,4699755,ff_avg_h264_qpel16_h_lowpass_l2_ssse3
hv2,3753157,ff_pred8x8l_down_right_8_sse2
hv2,3717373,ff_h264_check_intra_pred_mode
hv2,3706675,ff_pred8x8l_dc_8_sse2
hv2,3692052,ff_pred8x8l_horizontal_up_8_sse2
hv2,3648536,put_h264_qpel8_mc00_8_c
hv2,3510024,ff_put_h264_qpel8_mc30_avx2
hv2,3395839,put_h264_qpel8_mc02_sse2
hv2,3365858,ff_h264_idct_add_8_avx
hv2,3343020,ff_pred8x8_horizontal_8_avx2
hv2,3285420,ff_put_h264_qpel8_mc10_avx2
hv2,3041099,ff_pred8x8l_vertical_right_8_sse2
hv2,3014170,ff_pred8x8l_horizontal_8_sse2
hv2,2828080,ff_pred8x8_plane_8_ssse3
hv2,2793103,ff_h264_luma_dc_dequant_idct_sse2
hv2,2518920,ff_put_h264_qpel8_mc20_avx2
hv2,2361135,ff_avg_h264_qpel16_hv2_lowpass_avx2
hv2,2225232,ff_avg_h264_qpel16_mc02_avx2
hv2,2180160,ff_put_pixels8x8_l2_mmxext
hv2,2082773,ff_h264_queue_decode_slice
hv2,2048154,ff_put_pixels8_l2_shift5_sse2
hv2,1998815,decode_finish_row
hv2,1994910,ff_avg_h264_qpel16_mc01_avx2
hv2,1857744,ff_avg_h264_qpel16_mc11_avx2
hv2,1842581,ff_avg_h264_qpel16_mc13_avx2
hv2,1819956,ff_pred8x8l_vertical_left_8_sse2
hv2,1798141,ff_pred8x8l_down_left_8_sse2
hv2,1730577,ff_avg_h264_qpel16_mc03_avx2
hv2,1714275,ff_h264_idct8_dc_add_8_mmxext
hv2,1713552,ff_pred16x16_horizontal_8_avx2
hv2,1567112,put_h264_qpel16_mc22_avx2
hv2,1555223,ff_h264_build_ref_list
hv2,1536318,ff_avg_h264_qpel16_mc33_avx2
hv2,1517984,ff_avg_h264_qpel16_mc31_avx2
hv2,1482012,ff_pred16x16_vertical_8_sse
hv2,1449274,ff_h264_execute_ref_pic_marking
hv2,1388304,ff_h264_check_intra4x4_pred_mode
hv2,1312978,put_h264_qpel16_mc21_avx2
hv2,1290954,av_frame_unref
hv2,1282373,ff_avg_h264_chroma_mc4_ssse3
hv2,1252972,put_h264_qpel16_mc23_avx2
hv2,1203680,ff_emu_edge_vfix9_sse2
hv2,1159401,build_def_list
hv2,1152056,put_h264_qpel16_mc12_avx2
hv2,1139408,put_h264_qpel16_mc32_avx2
hv2,1061990,ff_avg_pixels16_l2_shift5_sse2
hv2,1003533,av_buffer_unref
hv2,934713,ff_pred4x4_horizontal_down_8_sse2
hv2,929526,put_h264_qpel8_mc21_ssse3
hv2,926112,put_h264_qpel8_mc01_sse2
hv2,920397,put_h264_qpel8_mc23_ssse3
hv2,917050,pred4x4_horizontal_8_c
hv2,898275,ff_pred4x4_horizontal_up_8_sse2
hv2,895720,ff_h264_idct_dc_add_8_avx
hv2,872520,put_h264_qpel8_mc03_sse2
hv2,835751,ff_h264_draw_horiz_band
hv2,817984,ff_pred4x4_down_right_8_sse2
hv2,807390,put_h264_qpel8_mc12_ssse3
hv2,781695,put_h264_qpel8_mc32_ssse3
hv2,760592,h264_field_start
hv2,754344,ff_pred4x4_vertical_right_8_sse2
hv2,744921,put_h264_qpel8_mc22_ssse3
hv2,712317,h264_frame_start
hv2,685491,av_refstruct_unref
hv2,636640,ff_pred4x4_dc_8_sse2
hv2,599367,ff_pred8x8l_vertical_8_sse2
hv2,587989,ff_emu_edge_vfix19_sse2
hv2,547472,ff_emu_edge_hfix2_sse2
hv2,542864,ff_emu_edge_vfix8_sse2
hv2,485324,ff_pred8x8_vertical_8_sse2
hv2,433732,ff_emu_edge_vfix7_sse2
hv2,431830,avg_h264_qpel16_mc22_avx2
hv2,427368,ff_pred4x4_vertical_left_8_sse2
hv2,425048,ff_avg_h264_qpel8_h_lowpass_l2_ssse3
hv2,410643,av_malloc
hv2,409526,ff_pred4x4_down_left_8_sse2
hv2,356944,ff_emu_edge_vfix17_sse2
hv2,354042,ff_h264_unref_picture
hv2,335110,h264_decode_frame
hv2,334372,ff_emu_edge_vfix21_sse2
hv2,331931,ff_emu_edge_vfix18_sse2
hv2,330204,ff_avg_pixels8x8_sse2
hv2,329817,ff_pred16x16_dc_8_ssse3
hv2,328340,get_cabac_terminate
hv2,318111,ff_h264_biweight_4_ssse3
hv2,317306,ff_emu_edge_hfix4_sse2
hv2,316077,ff_h2645_packet_split
hv2,309586,ff_emu_edge_vfix5_sse2
hv2,307515,ff_h264_pred_weight_table
hv2,302572,ff_emu_edge_vfix6_sse2
hv2,289340,av_frame_ref
hv2,284784,ff_h264_decode_ref_pic_list_reordering
hv2,284778,ff_avg_h264_qpel8_hv2_lowpass_ssse3
hv2,273763,ff_avg_h264_qpel8_mc11_avx2
hv2,263610,ff_avg_h264_qpel8_mc33_avx2
hv2,261427,ff_emu_edge_vfix20_sse2
hv2,261080,ff_emu_edge_vfix4_sse2
hv2,252003,avg_h264_qpel8_mc02_sse2
hv2,249600,ff_avg_h264_qpel8_mc31_avx2
hv2,247380,ff_emu_edge_vfix1_sse2
hv2,238590,av_freep
hv2,235977,av_mallocz
hv2,234744,ff_emu_edge_hfix6_sse2
hv2,234260,ff_avg_h264_qpel8_mc13_avx2
hv2,228651,implicit_weight_table
hv2,228004,avg_h264_qpel16_mc12_avx2
hv2,221596,ff_h264_direct_ref_list_init
hv2,219556,av_refstruct_replace
hv2,218001,av_buffer_pool_get
hv2,214478,ff_emu_edge_vfix10_sse2
hv2,210966,av_refstruct_pool_get
hv2,209640,ff_decode_receive_frame_internal
hv2,209437,avg_h264_qpel16_mc23_avx2
hv2,200480,ff_get_buffer
hv2,200458,avg_h264_qpel16_mc21_avx2
hv2,198660,pred4x4_vertical_8_c
hv2,196792,avg_h264_qpel16_mc32_avx2
hv2,195651,avcodec_default_get_buffer2
hv2,194532,pool_return_entry
hv2,187572,ff_emu_edge_vfix16_sse2
hv2,181146,ff_avg_h264_qpel8_mc30_avx2
hv2,180828,av_packet_unref
hv2,180620,ff_emu_edge_vfix3_sse2
hv2,179724,ff_avg_h264_qpel8_mc20_avx2
hv2,178524,ff_avg_h264_qpel8_mc10_avx2
hv2,176820,h264_copy_picture_params
hv2,170136,av_frame_move_ref
hv2,170060,ff_emu_edge_vfix15_sse2
hv2,169342,ff_decode_get_packet
hv2,166886,av_frame_side_data_free
hv2,163565,frame_copy_props
hv2,161637,av_frame_apply_cropping
hv2,157936,decode_receive_frame_internal
hv2,152460,ff_emu_edge_vfix11_sse2
hv2,150729,av_free
hv2,147007,ff_emu_edge_vfix14_sse2
hv2,144534,ff_emu_edge_vfix12_sse2
hv2,139976,ff_emu_edge_vfix13_sse2
hv2,139934,ff_avg_pixels8_l2_shift5_sse2
hv2,139083,calc_cropping_offsets
hv2,136577,side_data_map
hv2,132818,ff_er_add_slice
hv2,132030,av_buffer_ref
hv2,131040,ff_h264_set_erpic
hv2,128348,ff_pred8x8_top_dc_8_sse2
hv2,127250,ff_emu_edge_hfix8_avx2
hv2,123690,ff_thread_report_progress
hv2,122976,av_dict_free
hv2,117696,ff_avg_pixels8x8_l2_mmxext
hv2,116529,ff_decode_frame_props
hv2,112980,av_channel_layout_uninit
hv2,107758,av_packet_copy_props
hv2,105252,av_packet_move_ref
hv2,104209,ff_h264_parse_ref_count
hv2,102746,av_dict_set
hv2,102746,finalize_frame
hv2,101007,pool_release_buffer
hv2,100263,ff_decode_receive_frame
hv2,90216,ff_h264_execute_decode_slices
hv2,77742,ff_emu_edge_vfix2_sse2
hv2,75345,av_packet_free_side_data
hv2,75330,av_buffer_replace
hv2,75075,ff_h264_field_end
hv2,73956,avcodec_send_packet
hv2,71563,ff_h264_init_poc
hv2,68688,pred8x8_left_dc_8_c
hv2,68654,ff_h264_decode_ref_pic_marking
hv2,66462,ff_aom_uninit_film_grain_params
hv2,63971,bsf_list_filter
hv2,62715,ff_bsf_get_packet_ref
hv2,62675,avcodec_receive_frame_flags
hv2,60452,ff_emu_edge_hfix10_avx2
hv2,60408,av_dict_copy
hv2,58891,av_image_check_size2
hv2,57915,ff_pred8x8l_top_dc_8_sse2
hv2,57638,ff_h2645_sei_to_frame
hv2,52414,ff_h264_alloc_tables
hv2,50444,av_refstruct_ref_c
hv2,49728,pred16x16_left_dc_8_c
hv2,48884,h2645_sei_to_side_data
hv2,48100,av_refstruct_alloc_ext_c
hv2,46546,av_log_default_callback
hv2,46399,get_pixel_format
hv2,45288,av_channel_layout_copy
hv2,45029,avg_h264_qpel8_mc22_ssse3
hv2,43935,av_pix_fmt_desc_get
hv2,43875,avg_h264_qpel8_mc32_ssse3
hv2,43855,ff_er_frame_end
hv2,43605,avg_h264_qpel8_mc21_ssse3
hv2,42602,av_pix_fmt_count_planes
hv2,41255,remove_short
hv2,41220,avg_h264_qpel8_mc12_ssse3
hv2,41052,avg_h264_qpel8_mc03_sse2
hv2,40513,ff_emu_edge_hfix12_avx2
hv2,39864,avg_h264_qpel8_mc01_sse2
hv2,39153,ff_h264_ref_picture
hv2,38865,av_bsf_send_packet
hv2,37590,ff_decode_frame_props_from_pkt
hv2,37281,avg_h264_qpel8_mc23_ssse3
hv2,36927,ff_init_cabac_decoder
hv2,36337,av_dict_get
hv2,36337,av_strdup
hv2,35126,av_fast_malloc
hv2,35126,av_fast_mallocz
hv2,35084,av_packet_ref
hv2,33881,h264_bench_decode_cached
hv2,33849,av_frame_side_data_remove
hv2,30108,ff_thread_release_ext_buffer
hv2,29049,ff_thread_ref_frame
hv2,28934,av_log
hv2,28819,av_image_get_linesize
hv2,27051,ff_emu_edge_hfix14_avx2
hv2,26334,ff_h2645_sei_reset
hv2,25080,ff_itut_t35_unref
hv2,24916,av_buffer_get_ref_count
hv2,23902,av_vlog
hv2,23807,ff_er_frame_start
hv2,23807,ff_thread_get_ext_buffer
hv2,23368,ff_emu_edge_hfix20_avx2
hv2,21301,av_packet_get_side_data
hv2,20048,ff_attach_decode_data
hv2,18850,av_dict_iterate
hv2,18805,avcodec_is_open
hv2,18542,ff_emu_edge_hfix18_avx2
hv2,16302,av_image_check_sar
hv2,16006,ff_emu_edge_hfix16_avx2
hv2,15345,pred4x4_top_dc_8_c
hv2,13144,pred16x16_top_dc_8_c
hv2,11289,av_bsf_receive_packet
hv2,11286,ff_h264_sei_uninit
hv2,11277,ff_h264_sei_stereo_mode
hv2,10064,av_realloc
hv2,10024,ff_h264_get_profile
hv2,8778,av_codec_is_decoder
hv2,7521,avcodec_receive_frame
hv2,7518,ff_hwaccel_frame_priv_alloc
hv2,7518,ff_thread_can_start_frame
hv2,6265,av_frame_remove_side_data
hv2,6265,av_packet_make_refcounted
hv2,6235,decode_data_free
hv2,2745,ff_h264_remove_all_refs
hv2,902,av_buffer_create
hv2,805,fill_colmap
hv2,572,av_buffer_alloc
hv2,488,ff_h264qpel_init_x86
hv2,480,pred8x8_128_dc_8_c
hv2,399,av_buffer_allocz
hv2,396,pred16x16_128_dc_8_c
hv2,368,ff_h264qpel_init
hv2,320,ff_me_cmp_init
hv2,276,av_image_fill_linesizes
hv2,255,h264_decode_flush
hv2,252,av_refstruct_pool_alloc_ext_c
hv2,244,ff_h264_direct_dist_scale_factor
hv2,212,h264_slice_header_init
hv2,207,ff_h264_pred_init
hv2,152,send_next_delayed_frame
hv2,150,ff_h264_sei_decode
hv2,136,ff_h264_free_tables
hv2,135,ff_h264dsp_init
hv2,132,ff_h264dsp_init_x86
hv2,129,ff_h264_pred_init_x86
hv2,96,ff_frame_side_data_add_from_buf
hv2,93,ff_get_format
hv2,90,ff_h2645_sei_message_decode
hv2,81,av_buffer_pool_init
hv2,78,av_calloc
hv2,76,av_image_fill_max_pixsteps
hv2,76,ff_me_cmp_init_x86
hv2,70,avcodec_align_dimensions2
hv2,69,av_image_fill_plane_sizes
hv2,64,av_fast_realloc
hv2,60,av_reduce
hv2,52,av_frame_side_data_add
hv2,40,av_refstruct_pool_alloc
hv2,40,ff_h264chroma_init_x86
hv2,38,av_gcd
hv2,34,avcodec_flush_buffers
hv2,34,ff_er_init
hv2,30,av_get_cpu_flags
hv2,29,ff_videodsp_init_x86
hv2,27,ff_h264_flush_change
hv2,26,av_memdup
hv2,23,ff_h264chroma_init
hv2,22,avcodec_default_get_format
hv2,19,ff_decode_flush_buffers
hv2,19,ff_set_sar
hv2,18,av_malloc_array
hv2,18,av_pix_fmt_get_chroma_sub_sample
hv2,18,av_realloc_array
hv2,13,av_bsf_flush
hv2,13,bsf_list_flush
hv2,13,ff_hwaccel_uninit
hv2,12,av_frame_side_data_desc
hv2,11,av_get_pix_fmt_name
hv2,10,ff_h264_slice_context_init
hv2,9,ff_videodsp_init
hv2,8,av_codec_is_encoder
hv2,7,av_frame_new_side_data_from_buf
hv2,3,av_buffer_default_free
hv12,1593637894,ff_h264_decode_mb_cabac
hv12,683276007,loop_filter
hv12,615629141,mc_part_420_simple_8
hv12,552821223,ff_h264_filter_mb_fast
hv12,478731878,hl_decode_mb_simple_8
hv12,442784514,ff_h264_decode_residual_8_bmi2
hv12,283341980,ff_h264_loop_filter_strength_avx
hv12,244598004,ff_deblock_v_luma_8_avx
hv12,202714557,ff_put_h264_chroma_mc8_rnd_ssse3
hv12,196924304,ff_h264_decode_mvd_pair_bmi2
hv12,186017561,ff_h264_pred_direct_motion
hv12,165959902,ff_deblock_h_chroma_8_avx
hv12,132157090,ff_deblock_h_luma_8_avx
hv12,124611431,decode_slice
hv12,122053542,ff_prefetch_mmxext
hv12,115622182,ff_h264_decode_cbp_bmi2
hv12,103459400,ff_deblock_v_chroma_8_avx
hv12,92450907,ff_h264_weight_16_avx2
hv12,85273854,ff_h264_idct_add8_422_8_mmx
hv12,77348127,ff_deblock_v_luma_intra_8_avx
hv12,71501040,ff_put_pixels16x16_sse2
hv12,59449509,ff_h264_idct8_add4_8_sse2
hv12,48520019,ff_put_h264_qpel8or16_hv1_lowpass_op_sse2
hv12,42897754,ff_avg_h264_chroma_mc8_rnd_ssse3
hv12,41655980,decode_significance_x86
hv12,40646932,ff_avg_pixels16x16_sse2
hv12,36537480,ff_h264_hl_decode_mb
hv12,34233478,ff_put_h264_qpel16_hv2_lowpass_avx2
hv12,33538775,ff_h264_biweight_16_ssse3
hv12,32503518,ff_deblock_h_chroma_intra_8_avx
hv12,29654178,ff_put_h264_chroma_mc4_ssse3
hv12,28858150,ff_put_h264_qpel16_h_lowpass_l2_ssse3
hv12,27493900,ff_h264_idct8_add_8_sse2
hv12,25519669,ff_deblock_h_luma_intra_8_avx
hv12,22467744,ff_deblock_v_chroma_intra_8_avx
hv12,21460690,ff_put_h264_qpel16_hv1_lowpass_op_avx2
hv12,21092610,ff_put_h264_qpel16_mc10_avx2
hv12,20878770,ff_put_h264_qpel16_mc30_avx2
hv12,20752728,ff_put_h264_qpel8_hv2_lowpass_ssse3
hv12,18982149,ff_h264_idct_add16_8_sse2
hv12,18916754,ff_h264_idct_add8_8_sse2
hv12,18774374,ff_put_h264_qpel16_mc20_avx2
hv12,14792890,ff_h264_chroma_dc_dequant_idct_8_c
hv12,12563420,ff_h264_weight_8_sse2
hv12,11799718,ff_h264_biweight_8_ssse3
hv12,11703912,ff_put_h264_qpel16_mc11_avx2
hv12,11529644,ff_put_h264_qpel16_mc33_avx2
hv12,11283008,ff_put_h264_qpel16_mc31_avx2
hv12,11004114,ff_put_h264_qpel16_mc01_avx2
hv12,10656921,ff_put_h264_qpel16_mc13_avx2
hv12,9588975,ff_put_h264_qpel16_mc03_avx2
hv12,9577400,ff_pred8x8_dc_8_sse2
hv12,9140796,ff_put_h264_qpel8_h_lowpass_l2_ssse3
hv12,8687161,ff_h2645_extract_rbsp
hv12,8468979,ff_h264_init_cabac_states
hv12,8372532,ff_put_h264_qpel8or16_v_lowpass_sse2
hv12,8196352,ff_put_h264_qpel16_mc02_avx2
hv12,8098481,emulated_edge_mc_avx2
hv12,6909204,ff_h264_idct_add16intra_8_sse2
hv12,6063420,ff_avg_h264_qpel16_mc20_avx2
hv12,5910870,ff_put_h264_qpel8_mc33_avx2
hv12,5788989,ff_put_h264_qpel8_mc11_avx2
hv12,5726192,ff_put_h264_qpel8_mc31_avx2
hv12,5579060,ff_put_h264_qpel8_mc13_avx2
hv12,5189492,ff_put_pixels16_l2_shift5_sse2
hv12,5188270,ff_avg_h264_qpel16_mc10_avx2
hv12,5118848,ff_pred16x16_plane_h264_8_ssse3
hv12,4933960,ff_avg_h264_qpel16_mc30_avx2
hv12,4863322,ff_pred8x8l_horizontal_down_8_ssse3
hv12,4699755,ff_avg_h264_qpel16_h_lowpass_l2_ssse3
hv12,3753157,ff_pred8x8l_down_right_8_sse2
hv12,3717373,ff_h264_check_intra_pred_mode
hv12,3706675,ff_pred8x8l_dc_8_sse2
hv12,3692052,ff_pred8x8l_horizontal_up_8_sse2
hv12,3648536,put_h264_qpel8_mc00_8_c
hv12,3510024,ff_put_h264_qpel8_mc30_avx2
hv12,3395839,put_h264_qpel8_mc02_sse2
hv12,3365858,ff_h264_idct_add_8_avx
hv12,3343020,ff_pred8x8_horizontal_8_avx2
hv12,3285420,ff_put_h264_qpel8_mc10_avx2
hv12,3041099,ff_pred8x8l_vertical_right_8_sse2
hv12,3014170,ff_pred8x8l_horizontal_8_sse2
hv12,2828080,ff_pred8x8_plane_8_ssse3
hv12,2793103,ff_h264_luma_dc_dequant_idct_sse2
hv12,2518920,ff_put_h264_qpel8_mc20_avx2
hv12,2361135,ff_avg_h264_qpel16_hv2_lowpass_avx2
hv12,2225232,ff_avg_h264_qpel16_mc02_avx2
hv12,2180160,ff_put_pixels8x8_l2_mmxext
hv12,2082773,ff_h264_queue_decode_slice
hv12,2048154,ff_put_pixels8_l2_shift5_sse2
hv12,1998815,decode_finish_row
hv12,1994910,ff_avg_h264_qpel16_mc01_avx2
hv12,1857744,ff_avg_h264_qpel16_mc11_avx2
hv12,1842581,ff_avg_h264_qpel16_mc13_avx2
hv12,1819956,ff_pred8x8l_vertical_left_8_sse2
hv12,1798141,ff_pred8x8l_down_left_8_sse2
hv12,1730577,ff_avg_h264_qpel16_mc03_avx2
hv12,1714275,ff_h264_idct8_dc_add_8_mmxext
hv12,1713552,ff_pred16x16_horizontal_8_avx2
hv12,1555223,ff_h264_build_ref_list
hv12,1536318,ff_avg_h264_qpel16_mc33_avx2
hv12,1517984,ff_avg_h264_qpel16_mc31_avx2
hv12,1482012,ff_pred16x16_vertical_8_sse
hv12,1449274,ff_h264_execute_ref_pic_marking
hv12,1388304,ff_h264_check_intra4x4_pred_mode
hv12,1290954,av_frame_unref
hv12,1282373,ff_avg_h264_chroma_mc4_ssse3
hv12,1203680,ff_emu_edge_vfix9_sse2
hv12,1159401,build_def_list
hv12,1061990,ff_avg_pixels16_l2_shift5_sse2
hv12,1003533,av_buffer_unref
hv12,934713,ff_pred4x4_horizontal_down_8_sse2
hv12,929526,put_h264_qpel8_mc21_ssse3
hv12,926112,put_h264_qpel8_mc01_sse2
hv12,920397,put_h264_qpel8_mc23_ssse3
hv12,917050,pred4x4_horizontal_8_c
hv12,909936,put_h264_qpel16_mc22_avx2
hv12,899300,put_h264_qpel16_mc21_avx2
hv12,898275,ff_pred4x4_horizontal_up_8_sse2
hv12,895720,ff_h264_idct_dc_add_8_avx
hv12,872520,put_h264_qpel8_mc03_sse2
hv12,858200,put_h264_qpel16_mc23_avx2
hv12,835751,ff_h264_draw_horiz_band
hv12,817984,ff_pred4x4_down_right_8_sse2
hv12,807390,put_h264_qpel8_mc12_ssse3
hv12,781695,put_h264_qpel8_mc32_ssse3
hv12,760592,h264_field_start
hv12,754344,ff_pred4x4_vertical_right_8_sse2
hv12,745448,put_h264_qpel16_mc12_avx2
hv12,744921,put_h264_qpel8_mc22_ssse3
hv12,737264,put_h264_qpel16_mc32_avx2
hv12,712317,h264_frame_start
hv12,685491,av_refstruct_unref
hv12,636640,ff_pred4x4_dc_8_sse2
hv12,599367,ff_pred8x8l_vertical_8_sse2
hv12,587989,ff_emu_edge_vfix19_sse2
hv12,547472,ff_emu_edge_hfix2_sse2
hv12,542864,ff_emu_edge_vfix8_sse2
hv12,485324,ff_pred8x8_vertical_8_sse2
hv12,433732,ff_emu_edge_vfix7_sse2
hv12,427368,ff_pred4x4_vertical_left_8_sse2
hv12,425048,ff_avg_h264_qpel8_h_lowpass_l2_ssse3
hv12,410643,av_malloc
hv12,409526,ff_pred4x4_down_left_8_sse2
hv12,356944,ff_emu_edge_vfix17_sse2
hv12,354042,ff_h264_unref_picture
hv12,335110,h264_decode_frame
hv12,334372,ff_emu_edge_vfix21_sse2
hv12,331931,ff_emu_edge_vfix18_sse2
hv12,330204,ff_avg_pixels8x8_sse2
hv12,329817,ff_pred16x16_dc_8_ssse3
hv12,328340,get_cabac_terminate
hv12,318111,ff_h264_biweight_4_ssse3
hv12,317306,ff_emu_edge_hfix4_sse2
hv12,316077,ff_h2645_packet_split
hv12,309586,ff_emu_edge_vfix5_sse2
hv12,307515,ff_h264_pred_weight_table
hv12,302572,ff_emu_edge_vfix6_sse2
hv12,289340,av_frame_ref
hv12,284784,ff_h264_decode_ref_pic_list_reordering
hv12,284778,ff_avg_h264_qpel8_hv2_lowpass_ssse3
hv12,273763,ff_avg_h264_qpel8_mc11_avx2
hv12,263610,ff_avg_h264_qpel8_mc33_avx2
hv12,261427,ff_emu_edge_vfix20_sse2
hv12,261080,ff_emu_edge_vfix4_sse2
hv12,252003,avg_h264_qpel8_mc02_sse2
hv12,250740,avg_h264_qpel16_mc22_avx2
hv12,249600,ff_avg_h264_qpel8_mc31_avx2
hv12,247380,ff_emu_edge_vfix1_sse2
hv12,238590,av_freep
hv12,235977,av_mallocz
hv12,234744,ff_emu_edge_hfix6_sse2
hv12,234260,ff_avg_h264_qpel8_mc13_avx2
hv12,228651,implicit_weight_table
hv12,221596,ff_h264_direct_ref_list_init
hv12,219556,av_refstruct_replace
hv12,218001,av_buffer_pool_get
hv12,214478,ff_emu_edge_vfix10_sse2
hv12,210966,av_refstruct_pool_get
hv12,209640,ff_decode_receive_frame_internal
hv12,200480,ff_get_buffer
hv12,198660,pred4x4_vertical_8_c
hv12,195651,avcodec_default_get_buffer2
hv12,194532,pool_return_entry
hv12,187572,ff_emu_edge_vfix16_sse2
hv12,181146,ff_avg_h264_qpel8_mc30_avx2
hv12,180828,av_packet_unref
hv12,180620,ff_emu_edge_vfix3_sse2
hv12,179724,ff_avg_h264_qpel8_mc20_avx2
hv12,178524,ff_avg_h264_qpel8_mc10_avx2
hv12,176820,h264_copy_picture_params
hv12,170136,av_frame_move_ref
hv12,170060,ff_emu_edge_vfix15_sse2
hv12,169342,ff_decode_get_packet
hv12,166886,av_frame_side_data_free
hv12,163565,frame_copy_props
hv12,161637,av_frame_apply_cropping
hv12,157936,decode_receive_frame_internal
hv12,152460,ff_emu_edge_vfix11_sse2
hv12,150729,av_free
hv12,147532,avg_h264_qpel16_mc12_avx2
hv12,147007,ff_emu_edge_vfix14_sse2
hv12,144534,ff_emu_edge_vfix12_sse2
hv12,143450,avg_h264_qpel16_mc23_avx2
hv12,139976,ff_emu_edge_vfix13_sse2
hv12,139934,ff_avg_pixels8_l2_shift5_sse2
hv12,139083,calc_cropping_offsets
hv12,137300,avg_h264_qpel16_mc21_avx2
hv12,136577,side_data_map
hv12,132818,ff_er_add_slice
hv12,132030,av_buffer_ref
hv12,131040,ff_h264_set_erpic
hv12,128348,ff_pred8x8_top_dc_8_sse2
hv12,127336,avg_h264_qpel16_mc32_avx2
hv12,127250,ff_emu_edge_hfix8_avx2
hv12,123690,ff_thread_report_progress
hv12,122976,av_dict_free
hv12,117696,ff_avg_pixels8x8_l2_mmxext
hv12,116529,ff_decode_frame_props
hv12,112980,av_channel_layout_uninit
hv12,107758,av_packet_copy_props
hv12,105252,av_packet_move_ref
hv12,104209,ff_h264_parse_ref_count
hv12,102746,av_dict_set
hv12,102746,finalize_frame
hv12,101007,pool_release_buffer
hv12,100263,ff_decode_receive_frame
hv12,90216,ff_h264_execute_decode_slices
hv12,77742,ff_emu_edge_vfix2_sse2
hv12,75345,av_packet_free_side_data
hv12,75330,av_buffer_replace
hv12,75075,ff_h264_field_end
hv12,73956,avcodec_send_packet
hv12,71563,ff_h264_init_poc
hv12,68688,pred8x8_left_dc_8_c
hv12,68654,ff_h264_decode_ref_pic_marking
hv12,66462,ff_aom_uninit_film_grain_params
hv12,63971,bsf_list_filter
hv12,62715,ff_bsf_get_packet_ref
hv12,62675,avcodec_receive_frame_flags
hv12,60452,ff_emu_edge_hfix10_avx2
hv12,60408,av_dict_copy
hv12,58891,av_image_check_size2
hv12,57915,ff_pred8x8l_top_dc_8_sse2
hv12,57638,ff_h2645_sei_to_frame
hv12,52414,ff_h264_alloc_tables
hv12,50444,av_refstruct_ref_c
hv12,49728,pred16x16_left_dc_8_c
hv12,48884,h2645_sei_to_side_data
hv12,48100,av_refstruct_alloc_ext_c
hv12,46546,av_log_default_callback
hv12,46399,get_pixel_format
hv12,45288,av_channel_layout_copy
hv12,45029,avg_h264_qpel8_mc22_ssse3
hv12,43935,av_pix_fmt_desc_get
hv12,43875,avg_h264_qpel8_mc32_ssse3
hv12,43855,ff_er_frame_end
hv12,43605,avg_h264_qpel8_mc21_ssse3
hv12,42602,av_pix_fmt_count_planes
hv12,41255,remove_short
hv12,41220,avg_h264_qpel8_mc12_ssse3
hv12,41052,avg_h264_qpel8_mc03_sse2
hv12,40513,ff_emu_edge_hfix12_avx2
hv12,39864,avg_h264_qpel8_mc01_sse2
hv12,39153,ff_h264_ref_picture
hv12,38865,av_bsf_send_packet
hv12,37590,ff_decode_frame_props_from_pkt
hv12,37281,avg_h264_qpel8_mc23_ssse3
hv12,36927,ff_init_cabac_decoder
hv12,36337,av_dict_get
hv12,36337,av_strdup
hv12,35126,av_fast_malloc
hv12,35126,av_fast_mallocz
hv12,35084,av_packet_ref
hv12,33881,h264_bench_decode_cached
hv12,33849,av_frame_side_data_remove
hv12,30108,ff_thread_release_ext_buffer
hv12,29049,ff_thread_ref_frame
hv12,28934,av_log
hv12,28819,av_image_get_linesize
hv12,27051,ff_emu_edge_hfix14_avx2
hv12,26334,ff_h2645_sei_reset
hv12,25080,ff_itut_t35_unref
hv12,24916,av_buffer_get_ref_count
hv12,23902,av_vlog
hv12,23807,ff_er_frame_start
hv12,23807,ff_thread_get_ext_buffer
hv12,23368,ff_emu_edge_hfix20_avx2
hv12,21301,av_packet_get_side_data
hv12,20048,ff_attach_decode_data
hv12,18850,av_dict_iterate
hv12,18805,avcodec_is_open
hv12,18542,ff_emu_edge_hfix18_avx2
hv12,16302,av_image_check_sar
hv12,16006,ff_emu_edge_hfix16_avx2
hv12,15345,pred4x4_top_dc_8_c
hv12,13144,pred16x16_top_dc_8_c
hv12,11289,av_bsf_receive_packet
hv12,11286,ff_h264_sei_uninit
hv12,11277,ff_h264_sei_stereo_mode
hv12,10064,av_realloc
hv12,10024,ff_h264_get_profile
hv12,8778,av_codec_is_decoder
hv12,7521,avcodec_receive_frame
hv12,7518,ff_hwaccel_frame_priv_alloc
hv12,7518,ff_thread_can_start_frame
hv12,6265,av_frame_remove_side_data
hv12,6265,av_packet_make_refcounted
hv12,6235,decode_data_free
hv12,2745,ff_h264_remove_all_refs
hv12,902,av_buffer_create
hv12,805,fill_colmap
hv12,572,av_buffer_alloc
hv12,488,ff_h264qpel_init_x86
hv12,480,pred8x8_128_dc_8_c
hv12,399,av_buffer_allocz
hv12,396,pred16x16_128_dc_8_c
hv12,368,ff_h264qpel_init
hv12,320,ff_me_cmp_init
hv12,276,av_image_fill_linesizes
hv12,255,h264_decode_flush
hv12,252,av_refstruct_pool_alloc_ext_c
hv12,244,ff_h264_direct_dist_scale_factor
hv12,212,h264_slice_header_init
hv12,207,ff_h264_pred_init
hv12,152,send_next_delayed_frame
hv12,150,ff_h264_sei_decode
hv12,136,ff_h264_free_tables
hv12,135,ff_h264dsp_init
hv12,132,ff_h264dsp_init_x86
hv12,129,ff_h264_pred_init_x86
hv12,96,ff_frame_side_data_add_from_buf
hv12,93,ff_get_format
hv12,90,ff_h2645_sei_message_decode
hv12,81,av_buffer_pool_init
hv12,78,av_calloc
hv12,76,av_image_fill_max_pixsteps
hv12,76,ff_me_cmp_init_x86
hv12,70,avcodec_align_dimensions2
hv12,69,av_image_fill_plane_sizes
hv12,64,av_fast_realloc
hv12,60,av_reduce
hv12,52,av_frame_side_data_add
hv12,40,av_refstruct_pool_alloc
hv12,40,ff_h264chroma_init_x86
hv12,38,av_gcd
hv12,34,avcodec_flush_buffers
hv12,34,ff_er_init
hv12,30,av_get_cpu_flags
hv12,29,ff_videodsp_init_x86
hv12,27,ff_h264_flush_change
hv12,26,av_memdup
hv12,23,ff_h264chroma_init
hv12,22,avcodec_default_get_format
hv12,19,ff_decode_flush_buffers
hv12,19,ff_set_sar
hv12,18,av_malloc_array
hv12,18,av_pix_fmt_get_chroma_sub_sample
hv12,18,av_realloc_array
hv12,13,av_bsf_flush
hv12,13,bsf_list_flush
hv12,13,ff_hwaccel_uninit
hv12,12,av_frame_side_data_desc
hv12,11,av_get_pix_fmt_name
hv12,10,ff_h264_slice_context_init
hv12,9,ff_videodsp_init
hv12,8,av_codec_is_encoder
hv12,7,av_frame_new_side_data_from_buf
hv12,3,av_buffer_default_free
no-prefetch,1593637894,ff_h264_decode_mb_cabac
no-prefetch,683276007,loop_filter
no-prefetch,615629141,mc_part_420_simple_8
no-prefetch,552821223,ff_h264_filter_mb_fast
no-prefetch,442784514,ff_h264_decode_residual_8_bmi2
no-prefetch,302202038,hl_decode_mb_simple_8
no-prefetch,283341980,ff_h264_loop_filter_strength_avx
no-prefetch,244598004,ff_deblock_v_luma_8_avx
no-prefetch,202714557,ff_put_h264_chroma_mc8_rnd_ssse3
no-prefetch,196924304,ff_h264_decode_mvd_pair_bmi2
no-prefetch,186017561,ff_h264_pred_direct_motion
no-prefetch,165959902,ff_deblock_h_chroma_8_avx
no-prefetch,132157090,ff_deblock_h_luma_8_avx
no-prefetch,124611431,decode_slice
no-prefetch,115622182,ff_h264_decode_cbp_bmi2
no-prefetch,103459400,ff_deblock_v_chroma_8_avx
no-prefetch,98896165,ff_put_h264_qpel8or16_hv1_lowpass_op_sse2
no-prefetch,92450907,ff_h264_weight_16_avx2
no-prefetch,85273854,ff_h264_idct_add8_422_8_mmx
no-prefetch,79913444,ff_put_h264_qpel16_hv2_lowpass_ssse3
no-prefetch,77348127,ff_deblock_v_luma_intra_8_avx
no-prefetch,71501040,ff_put_pixels16x16_sse2
no-prefetch,59449509,ff_h264_idct8_add4_8_sse2
no-prefetch,42897754,ff_avg_h264_chroma_mc8_rnd_ssse3
no-prefetch,41655980,decode_significance_x86
no-prefetch,40646932,ff_avg_pixels16x16_sse2
no-prefetch,36537480,ff_h264_hl_decode_mb
no-prefetch,33538775,ff_h264_biweight_16_ssse3
no-prefetch,32503518,ff_deblock_h_chroma_intra_8_avx
no-prefetch,29654178,ff_put_h264_chroma_mc4_ssse3
no-prefetch,28858150,ff_put_h264_qpel16_h_lowpass_l2_ssse3
no-prefetch,27493900,ff_h264_idct8_add_8_sse2
no-prefetch,25519669,ff_deblock_h_luma_intra_8_avx
no-prefetch,22467744,ff_deblock_v_chroma_intra_8_avx
no-prefetch,21092610,ff_put_h264_qpel16_mc10_avx2
no-prefetch,20878770,ff_put_h264_qpel16_mc30_avx2
no-prefetch,20752728,ff_put_h264_qpel8_hv2_lowpass_ssse3
no-prefetch,18982149,ff_h264_idct_add16_8_sse2
no-prefetch,18916754,ff_h264_idct_add8_8_sse2
no-prefetch,18774374,ff_put_h264_qpel16_mc20_avx2
no-prefetch,14792890,ff_h264_chroma_dc_dequant_idct_8_c
no-prefetch,12563420,ff_h264_weight_8_sse2
no-prefetch,11799718,ff_h264_biweight_8_ssse3
no-prefetch,11703912,ff_put_h264_qpel16_mc11_avx2
no-prefetch,11529644,ff_put_h264_qpel16_mc33_avx2
no-prefetch,11283008,ff_put_h264_qpel16_mc31_avx2
no-prefetch,11004114,ff_put_h264_qpel16_mc01_avx2
no-prefetch,10656921,ff_put_h264_qpel16_mc13_avx2
no-prefetch,9588975,ff_put_h264_qpel16_mc03_avx2
no-prefetch,9577400,ff_pred8x8_dc_8_sse2
no-prefetch,9140796,ff_put_h264_qpel8_h_lowpass_l2_ssse3
no-prefetch,8687161,ff_h2645_extract_rbsp
no-prefetch,8468979,ff_h264_init_cabac_states
no-prefetch,8372532,ff_put_h264_qpel8or16_v_lowpass_sse2
no-prefetch,8196352,ff_put_h264_qpel16_mc02_avx2
no-prefetch,8098481,emulated_edge_mc_avx2
no-prefetch,6909204,ff_h264_idct_add16intra_8_sse2
no-prefetch,6063420,ff_avg_h264_qpel16_mc20_avx2
no-prefetch,5910870,ff_put_h264_qpel8_mc33_avx2
no-prefetch,5788989,ff_put_h264_qpel8_mc11_avx2
no-prefetch,5726192,ff_put_h264_qpel8_mc31_avx2
no-prefetch,5579060,ff_put_h264_qpel8_mc13_avx2
no-prefetch,5363050,ff_avg_h264_qpel16_hv2_lowpass_ssse3
no-prefetch,5189492,ff_put_pixels16_l2_shift5_sse2
no-prefetch,5188270,ff_avg_h264_qpel16_mc10_avx2
no-prefetch,5118848,ff_pred16x16_plane_h264_8_ssse3
no-prefetch,4933960,ff_avg_h264_qpel16_mc30_avx2
no-prefetch,4863322,ff_pred8x8l_horizontal_down_8_ssse3
no-prefetch,4699755,ff_avg_h264_qpel16_h_lowpass_l2_ssse3
no-prefetch,3753157,ff_pred8x8l_down_right_8_sse2
no-prefetch,3717373,ff_h264_check_intra_pred_mode
no-prefetch,3706675,ff_pred8x8l_dc_8_sse2
no-prefetch,3692052,ff_pred8x8l_horizontal_up_8_sse2
no-prefetch,3648536,put_h264_qpel8_mc00_8_c
no-prefetch,3510024,ff_put_h264_qpel8_mc30_avx2
no-prefetch,3395839,put_h264_qpel8_mc02_sse2
no-prefetch,3365858,ff_h264_idct_add_8_avx
no-prefetch,3343020,ff_pred8x8_horizontal_8_avx2
no-prefetch,3285420,ff_put_h264_qpel8_mc10_avx2
no-prefetch,3041099,ff_pred8x8l_vertical_right_8_sse2
no-prefetch,3014170,ff_pred8x8l_horizontal_8_sse2
no-prefetch,2828080,ff_pred8x8_plane_8_ssse3
no-prefetch,2793103,ff_h264_luma_dc_dequant_idct_sse2
no-prefetch,2518920,ff_put_h264_qpel8_mc20_avx2
no-prefetch,2225232,ff_avg_h264_qpel16_mc02_avx2
no-prefetch,2180160,ff_put_pixels8x8_l2_mmxext
no-prefetch,2082773,ff_h264_queue_decode_slice
no-prefetch,2048154,ff_put_pixels8_l2_shift5_sse2
no-prefetch,1998815,decode_finish_row
no-prefetch,1994910,ff_avg_h264_qpel16_mc01_avx2
no-prefetch,1857744,ff_avg_h264_qpel16_mc11_avx2
no-prefetch,1842581,ff_avg_h264_qpel16_mc13_avx2
no-prefetch,1819956,ff_pred8x8l_vertical_left_8_sse2
no-prefetch,1798141,ff_pred8x8l_down_left_8_sse2
no-prefetch,1730577,ff_avg_h264_qpel16_mc03_avx2
no-prefetch,1714275,ff_h264_idct8_dc_add_8_mmxext
no-prefetch,1713552,ff_pred16x16_horizontal_8_avx2
no-prefetch,1567112,put_h264_qpel16_mc22_ssse3
no-prefetch,1555223,ff_h264_build_ref_list
no-prefetch,1536318,ff_avg_h264_qpel16_mc33_avx2
no-prefetch,1517984,ff_avg_h264_qpel16_mc31_avx2
no-prefetch,1482012,ff_pred16x16_vertical_8_sse
no-prefetch,1449274,ff_h264_execute_ref_pic_marking
no-prefetch,1388304,ff_h264_check_intra4x4_pred_mode
no-prefetch,1312978,put_h264_qpel16_mc21_ssse3
no-prefetch,1290954,av_frame_unref
no-prefetch,1282373,ff_avg_h264_chroma_mc4_ssse3
no-prefetch,1252972,put_h264_qpel16_mc23_ssse3
no-prefetch,1203680,ff_emu_edge_vfix9_sse2
no-prefetch,1159401,build_def_list
no-prefetch,1152056,put_h264_qpel16_mc12_ssse3
no-prefetch,1139408,put_h264_qpel16_mc32_ssse3
no-prefetch,1061990,ff_avg_pixels16_l2_shift5_sse2
no-prefetch,1003533,av_buffer_unref
no-prefetch,934713,ff_pred4x4_horizontal_down_8_sse2
no-prefetch,929526,put_h264_qpel8_mc21_ssse3
no-prefetch,926112,put_h264_qpel8_mc01_sse2
no-prefetch,920397,put_h264_qpel8_mc23_ssse3
no-prefetch,917050,pred4x4_horizontal_8_c
no-prefetch,898275,ff_pred4x4_horizontal_up_8_sse2
no-prefetch,895720,ff_h264_idct_dc_add_8_avx
no-prefetch,872520,put_h264_qpel8_mc03_sse2
no-prefetch,835751,ff_h264_draw_horiz_band
no-prefetch,817984,ff_pred4x4_down_right_8_sse2
no-prefetch,807390,put_h264_qpel8_mc12_ssse3
no-prefetch,781695,put_h264_qpel8_mc32_ssse3
no-prefetch,760592,h264_field_start
no-prefetch,754344,ff_pred4x4_vertical_right_8_sse2
no-prefetch,744921,put_h264_qpel8_mc22_ssse3
no-prefetch,712317,h264_frame_start
no-prefetch,685491,av_refstruct_unref
no-prefetch,636640,ff_pred4x4_dc_8_sse2
no-prefetch,599367,ff_pred8x8l_vertical_8_sse2
no-prefetch,587989,ff_emu_edge_vfix19_sse2
no-prefetch,547472,ff_emu_edge_hfix2_sse2
no-prefetch,542864,ff_emu_edge_vfix8_sse2
no-prefetch,485324,ff_pred8x8_vertical_8_sse2
no-prefetch,433732,ff_emu_edge_vfix7_sse2
no-prefetch,431830,avg_h264_qpel16_mc22_ssse3
no-prefetch,427368,ff_pred4x4_vertical_left_8_sse2
no-prefetch,425048,ff_avg_h264_qpel8_h_lowpass_l2_ssse3
no-prefetch,410643,av_malloc
no-prefetch,409526,ff_pred4x4_down_left_8_sse2
no-prefetch,356944,ff_emu_edge_vfix17_sse2
no-prefetch,354042,ff_h264_unref_picture
no-prefetch,335110,h264_decode_frame
no-prefetch,334372,ff_emu_edge_vfix21_sse2
no-prefetch,331931,ff_emu_edge_vfix18_sse2
no-prefetch,330204,ff_avg_pixels8x8_sse2
no-prefetch,329817,ff_pred16x16_dc_8_ssse3
no-prefetch,328340,get_cabac_terminate
no-prefetch,318111,ff_h264_biweight_4_ssse3
no-prefetch,317306,ff_emu_edge_hfix4_sse2
no-prefetch,316077,ff_h2645_packet_split
no-prefetch,309586,ff_emu_edge_vfix5_sse2
no-prefetch,307515,ff_h264_pred_weight_table
no-prefetch,302572,ff_emu_edge_vfix6_sse2
no-prefetch,289340,av_frame_ref
no-prefetch,284784,ff_h264_decode_ref_pic_list_reordering
no-prefetch,284778,ff_avg_h264_qpel8_hv2_lowpass_ssse3
no-prefetch,273763,ff_avg_h264_qpel8_mc11_avx2
no-prefetch,263610,ff_avg_h264_qpel8_mc33_avx2
no-prefetch,261427,ff_emu_edge_vfix20_sse2
no-prefetch,261080,ff_emu_edge_vfix4_sse2
no-prefetch,252003,avg_h264_qpel8_mc02_sse2
no-prefetch,249600,ff_avg_h264_qpel8_mc31_avx2
no-prefetch,247380,ff_emu_edge_vfix1_sse2
no-prefetch,238590,av_freep
no-prefetch,235977,av_mallocz
no-prefetch,234744,ff_emu_edge_hfix6_sse2
no-prefetch,234260,ff_avg_h264_qpel8_mc13_avx2
no-prefetch,228651,implicit_weight_table
no-prefetch,228004,avg_h264_qpel16_mc12_ssse3
no-prefetch,221596,ff_h264_direct_ref_list_init
no-prefetch,219556,av_refstruct_replace
no-prefetch,218001,av_buffer_pool_get
no-prefetch,214478,ff_emu_edge_vfix10_sse2
no-prefetch,210966,av_refstruct_pool_get
no-prefetch,209640,ff_decode_receive_frame_internal
no-prefetch,209437,avg_h264_qpel16_mc23_ssse3
no-prefetch,200480,ff_get_buffer
no-prefetch,200458,avg_h264_qpel16_mc21_ssse3
no-prefetch,198660,pred4x4_vertical_8_c
no-prefetch,196792,avg_h264_qpel16_mc32_ssse3
no-prefetch,195651,avcodec_default_get_buffer2
no-prefetch,194532,pool_return_entry
no-prefetch,187572,ff_emu_edge_vfix16_sse2
no-prefetch,181146,ff_avg_h264_qpel8_mc30_avx2
no-prefetch,180828,av_packet_unref
no-prefetch,180620,ff_emu_edge_vfix3_sse2
no-prefetch,179724,ff_avg_h264_qpel8_mc20_avx2
no-prefetch,178524,ff_avg_h264_qpel8_mc10_avx2
no-prefetch,176820,h264_copy_picture_params
no-prefetch,170136,av_frame_move_ref
no-prefetch,170060,ff_emu_edge_vfix15_sse2
no-prefetch,169342,ff_decode_get_packet
no-prefetch,166886,av_frame_side_data_free
no-prefetch,163565,frame_copy_props
no-prefetch,161637,av_frame_apply_cropping
no-prefetch,157936,decode_receive_frame_internal
no-prefetch,152460,ff_emu_edge_vfix11_sse2
no-prefetch,150729,av_free
no-prefetch,147007,ff_emu_edge_vfix14_sse2
no-prefetch,144534,ff_emu_edge_vfix12_sse2
no-prefetch,139976,ff_emu_edge_vfix13_sse2
no-prefetch,139934,ff_avg_pixels8_l2_shift5_sse2
no-prefetch,139083,calc_cropping_offsets
no-prefetch,136577,side_data_map
no-prefetch,132818,ff_er_add_slice
no-prefetch,132030,av_buffer_ref
no-prefetch,131040,ff_h264_set_erpic
no-prefetch,128348,ff_pred8x8_top_dc_8_sse2
no-prefetch,127250,ff_emu_edge_hfix8_avx2
no-prefetch,123690,ff_thread_report_progress
no-prefetch,122976,av_dict_free
no-prefetch,117696,ff_avg_pixels8x8_l2_mmxext
no-prefetch,116529,ff_decode_frame_props
no-prefetch,112980,av_channel_layout_uninit
no-prefetch,107758,av_packet_copy_props
no-prefetch,105252,av_packet_move_ref
no-prefetch,104209,ff_h264_parse_ref_count
no-prefetch,102746,av_dict_set
no-prefetch,102746,finalize_frame
no-prefetch,101007,pool_release_buffer
no-prefetch,100263,ff_decode_receive_frame
no-prefetch,90216,ff_h264_execute_decode_slices
no-prefetch,77742,ff_emu_edge_vfix2_sse2
no-prefetch,75345,av_packet_free_side_data
no-prefetch,75330,av_buffer_replace
no-prefetch,75075,ff_h264_field_end
no-prefetch,73956,avcodec_send_packet
no-prefetch,71563,ff_h264_init_poc
no-prefetch,68688,pred8x8_left_dc_8_c
no-prefetch,68654,ff_h264_decode_ref_pic_marking
no-prefetch,66462,ff_aom_uninit_film_grain_params
no-prefetch,63971,bsf_list_filter
no-prefetch,62715,ff_bsf_get_packet_ref
no-prefetch,62675,avcodec_receive_frame_flags
no-prefetch,60452,ff_emu_edge_hfix10_avx2
no-prefetch,60408,av_dict_copy
no-prefetch,58891,av_image_check_size2
no-prefetch,57915,ff_pred8x8l_top_dc_8_sse2
no-prefetch,57638,ff_h2645_sei_to_frame
no-prefetch,52414,ff_h264_alloc_tables
no-prefetch,50444,av_refstruct_ref_c
no-prefetch,49728,pred16x16_left_dc_8_c
no-prefetch,48884,h2645_sei_to_side_data
no-prefetch,48100,av_refstruct_alloc_ext_c
no-prefetch,46546,av_log_default_callback
no-prefetch,46399,get_pixel_format
no-prefetch,45288,av_channel_layout_copy
no-prefetch,45029,avg_h264_qpel8_mc22_ssse3
no-prefetch,43935,av_pix_fmt_desc_get
no-prefetch,43875,avg_h264_qpel8_mc32_ssse3
no-prefetch,43855,ff_er_frame_end
no-prefetch,43605,avg_h264_qpel8_mc21_ssse3
no-prefetch,42602,av_pix_fmt_count_planes
no-prefetch,41255,remove_short
no-prefetch,41220,avg_h264_qpel8_mc12_ssse3
no-prefetch,41052,avg_h264_qpel8_mc03_sse2
no-prefetch,40513,ff_emu_edge_hfix12_avx2
no-prefetch,39864,avg_h264_qpel8_mc01_sse2
no-prefetch,39153,ff_h264_ref_picture
no-prefetch,38865,av_bsf_send_packet
no-prefetch,37590,ff_decode_frame_props_from_pkt
no-prefetch,37281,avg_h264_qpel8_mc23_ssse3
no-prefetch,36927,ff_init_cabac_decoder
no-prefetch,36337,av_dict_get
no-prefetch,36337,av_strdup
no-prefetch,35126,av_fast_malloc
no-prefetch,35126,av_fast_mallocz
no-prefetch,35084,av_packet_ref
no-prefetch,33881,h264_bench_decode_cached
no-prefetch,33849,av_frame_side_data_remove
no-prefetch,30108,ff_thread_release_ext_buffer
no-prefetch,29049,ff_thread_ref_frame
no-prefetch,28934,av_log
no-prefetch,28819,av_image_get_linesize
no-prefetch,27051,ff_emu_edge_hfix14_avx2
no-prefetch,26334,ff_h2645_sei_reset
no-prefetch,25080,ff_itut_t35_unref
no-prefetch,24916,av_buffer_get_ref_count
no-prefetch,23902,av_vlog
no-prefetch,23807,ff_er_frame_start
no-prefetch,23807,ff_thread_get_ext_buffer
no-prefetch,23368,ff_emu_edge_hfix20_avx2
no-prefetch,21301,av_packet_get_side_data
no-prefetch,20048,ff_attach_decode_data
no-prefetch,18850,av_dict_iterate
no-prefetch,18805,avcodec_is_open
no-prefetch,18542,ff_emu_edge_hfix18_avx2
no-prefetch,16302,av_image_check_sar
no-prefetch,16006,ff_emu_edge_hfix16_avx2
no-prefetch,15345,pred4x4_top_dc_8_c
no-prefetch,13144,pred16x16_top_dc_8_c
no-prefetch,11289,av_bsf_receive_packet
no-prefetch,11286,ff_h264_sei_uninit
no-prefetch,11277,ff_h264_sei_stereo_mode
no-prefetch,10064,av_realloc
no-prefetch,10024,ff_h264_get_profile
no-prefetch,8778,av_codec_is_decoder
no-prefetch,7521,avcodec_receive_frame
no-prefetch,7518,ff_hwaccel_frame_priv_alloc
no-prefetch,7518,ff_thread_can_start_frame
no-prefetch,6265,av_frame_remove_side_data
no-prefetch,6265,av_packet_make_refcounted
no-prefetch,6235,decode_data_free
no-prefetch,2745,ff_h264_remove_all_refs
no-prefetch,902,av_buffer_create
no-prefetch,805,fill_colmap
no-prefetch,572,av_buffer_alloc
no-prefetch,480,pred8x8_128_dc_8_c
no-prefetch,458,ff_h264qpel_init_x86
no-prefetch,399,av_buffer_allocz
no-prefetch,396,pred16x16_128_dc_8_c
no-prefetch,368,ff_h264qpel_init
no-prefetch,320,ff_me_cmp_init
no-prefetch,276,av_image_fill_linesizes
no-prefetch,255,h264_decode_flush
no-prefetch,252,av_refstruct_pool_alloc_ext_c
no-prefetch,244,ff_h264_direct_dist_scale_factor
no-prefetch,212,h264_slice_header_init
no-prefetch,207,ff_h264_pred_init
no-prefetch,152,send_next_delayed_frame
no-prefetch,150,ff_h264_sei_decode
no-prefetch,136,ff_h264_free_tables
no-prefetch,135,ff_h264dsp_init
no-prefetch,132,ff_h264dsp_init_x86
no-prefetch,129,ff_h264_pred_init_x86
no-prefetch,96,ff_frame_side_data_add_from_buf
no-prefetch,93,ff_get_format
no-prefetch,90,ff_h2645_sei_message_decode
no-prefetch,81,av_buffer_pool_init
no-prefetch,78,av_calloc
no-prefetch,76,av_image_fill_max_pixsteps
no-prefetch,76,ff_me_cmp_init_x86
no-prefetch,70,avcodec_align_dimensions2
no-prefetch,69,av_image_fill_plane_sizes
no-prefetch,64,av_fast_realloc
no-prefetch,60,av_reduce
no-prefetch,52,av_frame_side_data_add
no-prefetch,40,av_refstruct_pool_alloc
no-prefetch,40,ff_h264chroma_init_x86
no-prefetch,38,av_gcd
no-prefetch,34,avcodec_flush_buffers
no-prefetch,34,ff_er_init
no-prefetch,30,av_get_cpu_flags
no-prefetch,29,ff_videodsp_init_x86
no-prefetch,27,ff_h264_flush_change
no-prefetch,26,av_memdup
no-prefetch,23,ff_h264chroma_init
no-prefetch,22,avcodec_default_get_format
no-prefetch,19,ff_decode_flush_buffers
no-prefetch,19,ff_set_sar
no-prefetch,18,av_malloc_array
no-prefetch,18,av_pix_fmt_get_chroma_sub_sample
no-prefetch,18,av_realloc_array
no-prefetch,13,av_bsf_flush
no-prefetch,13,bsf_list_flush
no-prefetch,13,ff_hwaccel_uninit
no-prefetch,12,av_frame_side_data_desc
no-prefetch,11,av_get_pix_fmt_name
no-prefetch,10,ff_h264_slice_context_init
no-prefetch,9,ff_videodsp_init
no-prefetch,8,av_codec_is_encoder
no-prefetch,7,av_frame_new_side_data_from_buf
no-prefetch,3,av_buffer_default_free
